"Model","Family","AIC","AICc","BIC","Fit_status"
"SARIMA(0,1,3)(1,1,0)[52]","SARIMA d=1,D=1",2681.54134027767,2682.1598969787,2694.71498521882,"OK"
"SARIMA(2,1,1)(1,1,0)[52]","SARIMA d=1,D=1",2682.26703463277,2682.8855913338,2695.44067957392,"OK"
"SARIMA(2,1,1)(0,1,0)[52]","SARIMA d=1,D=1",2691.03794897087,2691.44611223618,2701.57686492379,"OK"
"SARIMA(1,1,1)(0,1,1)[52]","SARIMA d=1,D=1",2703.32817397835,2703.73633724365,2713.86708993126,"OK"
"SARIMA(0,1,1)(0,1,1)[52]","SARIMA d=1,D=1",2703.8510881193,2704.09351236173,2711.75527508399,"OK"
"SARIMA(1,1,0)(0,1,1)[52]","SARIMA d=1,D=1",2703.91446039691,2704.15688463933,2711.8186473616,"OK"
"SARIMA(1,0,1)(0,1,1)[52]","SARIMA d=0,D=1",2707.4244242264,2707.82846463044,2718.00198782297,"OK"
"SARIMA(0,0,3)(1,1,0)[52]","SARIMA d=0,D=1",2710.99696703346,2711.60921193141,2724.21892152916,"OK"
"SARIMA(1,0,0)(0,1,1)[52]","SARIMA d=0,D=1",2712.69510498994,2712.93510498994,2720.62827768736,"OK"
"SARIMA(1,0,0)(1,1,0)[52]","SARIMA d=0,D=1",2712.72109197724,2712.96109197724,2720.65426467466,"OK"
"SARIMA(1,0,1)(0,1,0)[52]","SARIMA d=0,D=1",2718.38972608701,2718.629726087,2726.32289878443,"OK"
"SARIMA(0,0,1)(0,1,1)[52]","SARIMA d=0,D=1",2718.88261376263,2719.12261376263,2726.81578646006,"OK"
"SARIMA(1,0,0)(0,1,0)[52]","SARIMA d=0,D=1",2724.59978492751,2724.7185968087,2729.88856672579,"OK"
"SARIMA(0,0,1)(0,1,0)[52]","SARIMA d=0,D=1",2734.09650999895,2734.21532188014,2739.38529179723,"OK"
"ARIMA(1,1,1)","Nonseasonal ARIMA",3987.13751434622,3987.29645474358,3996.26778969698,"OK"
"ARIMA(0,1,2)","Nonseasonal ARIMA",3987.69034473586,3987.84928513321,3996.82062008662,"OK"
"ARIMA(2,1,0)","Nonseasonal ARIMA",3988.27176733129,3988.43070772864,3997.40204268205,"OK"
"ARIMA(0,1,3)","Nonseasonal ARIMA",3989.55054142935,3989.81720809602,4001.72424189703,"OK"
"ARIMA(2,1,1)","Nonseasonal ARIMA",3989.86126060378,3990.12792727045,4002.03496107146,"OK"
"ARIMA(0,1,0)","Nonseasonal ARIMA",3990.76253099562,3990.78867478647,3993.80595611254,"OK"
"ARIMA(0,1,1)","Nonseasonal ARIMA",3992.6781053547,3992.75705272313,3998.76495558854,"OK"
"ARIMA(1,1,0)","Nonseasonal ARIMA",3992.71216732624,3992.79111469466,3998.79901756007,"OK"
"AR(1)","ARMA on original",4010.74567695288,4010.90357168972,4019.89524497462,"OK"
"ARMA(1,2)","ARMA on original",4010.71828049119,4011.11828049119,4025.96756052744,"OK"
"ARMA(2,1)","ARMA on original",4011.57494178738,4011.97494178738,4026.82422182363,"OK"
"ARMA(1,1)","ARMA on original",4012.10725179942,4012.37215246167,4024.30667582841,"OK"
"AR(2)","ARMA on original",4012.32692336269,4012.59182402494,4024.52634739169,"OK"
"MA(2)","ARMA on original",4061.67608219667,4061.94098285892,4073.87550622567,"OK"
"MA(1)","ARMA on original",4098.31316610557,4098.47106084242,4107.46273412732,"OK"
