"Frequency_cycles_per_year","Spectral_density","Period_years","Period_weeks"
0.975,9534599778.05475,1.02564102564103,53.3333333333333
5.2,497816775.446051,0.192307692307692,10
7.15,488551895.755144,0.13986013986014,7.27272727272727
3.575,381140105.87585,0.27972027972028,14.5454545454545
9.1,290922478.619773,0.10989010989011,5.71428571428571
14.95,175658103.186681,0.0668896321070234,3.47826086956522
13.325,155061796.110296,0.075046904315197,3.90243902439024
16.9,130492350.635583,0.0591715976331361,3.07692307692308
11.375,126105064.685112,0.0879120879120879,4.57142857142857
18.85,69563150.431943,0.0530503978779841,2.75862068965517
20.15,65127524.4533522,0.0496277915632754,2.58064516129032
25.025,42811054.64761,0.03996003996004,2.07792207792208
23.4,34698619.6765221,0.0427350427350427,2.22222222222222
22.1,25944618.5871191,0.0452488687782805,2.35294117647059
