"Frequency_cycles_per_year","Spectral_power","Period_years","Period_weeks"
0.975,21787136414.4327,1.02564102564103,53.3333333333333
1.95,12364002574.7186,0.512820512820513,26.6666666666667
7.15,753726134.761596,0.13986013986014,7.27272727272727
5.2,739327037.525332,0.192307692307692,10
3.575,620703728.914556,0.27972027972028,14.5454545454545
6.5,542781669.513838,0.153846153846154,8
4.225,538056836.915561,0.236686390532544,12.3076923076923
9.425,414901713.084779,0.106100795755968,5.51724137931035
8.45,324199628.413039,0.118343195266272,6.15384615384615
14.95,273445465.07044,0.0668896321070234,3.47826086956522
10.725,255036636.585695,0.0932400932400932,4.84848484848485
2.6,231770258.194256,0.384615384615385,20
12.675,227004150.93671,0.0788954635108481,4.1025641025641
13.325,210051461.191447,0.075046904315197,3.90243902439024
20.15,171071245.786618,0.0496277915632754,2.58064516129032
16.9,148054042.558136,0.0591715976331361,3.07692307692308
11.375,130500693.564096,0.0879120879120879,4.57142857142857
16.25,122352420.008891,0.0615384615384615,3.2
21.125,104276187.291343,0.0473372781065089,2.46153846153846
18.525,77865716.6018983,0.0539811066126856,2.80701754385965
25.025,76446066.1519978,0.03996003996004,2.07792207792208
19.5,76148739.3502493,0.0512820512820513,2.66666666666667
23.4,45321648.5240295,0.0427350427350427,2.22222222222222
22.1,31317604.3969057,0.0452488687782805,2.35294117647059
24.375,28200638.994955,0.041025641025641,2.13333333333333
