"Lambda","JointLogLik","Structure"
-1.5,-1347.04818332433,"SARIMA(2,1,1)(0,1,0)[52]"
-1.45,-1346.68933424304,"SARIMA(2,1,1)(0,1,0)[52]"
-1.4,-1346.69209623469,"SARIMA(2,1,1)(0,1,0)[52]"
-1.35,-1346.72460662291,"SARIMA(2,1,1)(0,1,0)[52]"
-1.3,-1346.74489307908,"SARIMA(2,1,1)(0,1,0)[52]"
-1.25,-1346.81014128688,"SARIMA(2,1,1)(0,1,0)[52]"
-1.2,-1346.88386269959,"SARIMA(2,1,1)(0,1,0)[52]"
-1.15,-1346.91835030166,"SARIMA(2,1,1)(0,1,0)[52]"
-1.1,-1346.81383052323,"SARIMA(2,1,1)(0,1,0)[52]"
-1.05,-1346.5274910411,"SARIMA(2,1,1)(0,1,0)[52]"
-1,-1346.47897309676,"SARIMA(2,1,1)(0,1,0)[52]"
-0.95,-1346.14654469611,"SARIMA(2,1,1)(0,1,0)[52]"
-0.9,-1346.20584563723,"SARIMA(2,1,1)(0,1,0)[52]"
-0.85,-1346.4262779257,"SARIMA(2,1,1)(0,1,0)[52]"
-0.8,-1346.72956300995,"SARIMA(2,1,1)(0,1,0)[52]"
-0.75,-1347.85062126468,"SARIMA(2,1,1)(0,1,0)[52]"
-0.7,-1347.78686526383,"SARIMA(2,1,1)(0,1,0)[52]"
-0.65,-1347.82890469977,"SARIMA(2,1,1)(0,1,0)[52]"
-0.6,-1347.59906902886,"SARIMA(2,1,1)(0,1,0)[52]"
-0.55,-1345.66004433056,"SARIMA(2,1,1)(0,1,0)[52]"
-0.5,-1340.90647813009,"SARIMA(2,1,1)(0,1,0)[52]"
-0.45,-1339.20932338938,"SARIMA(2,1,1)(0,1,0)[52]"
-0.4,-1338.71336757038,"SARIMA(2,1,1)(0,1,0)[52]"
-0.35,-1338.62875573751,"SARIMA(2,1,1)(0,1,0)[52]"
-0.3,-1338.65083897585,"SARIMA(2,1,1)(0,1,0)[52]"
-0.25,-1338.70569684795,"SARIMA(2,1,1)(0,1,0)[52]"
-0.2,-1338.77239087965,"SARIMA(2,1,1)(0,1,0)[52]"
-0.15,-1338.84493459354,"SARIMA(2,1,1)(0,1,0)[52]"
-0.0999999999999999,-1338.92161675066,"SARIMA(2,1,1)(0,1,0)[52]"
-0.0499999999999998,-1339.00196728855,"SARIMA(2,1,1)(0,1,0)[52]"
0,-1339.08587238721,"SARIMA(2,1,1)(0,1,0)[52]"
0.05,-1339.17331682835,"SARIMA(2,1,1)(0,1,0)[52]"
0.1,-1339.26430978214,"SARIMA(2,1,1)(0,1,0)[52]"
0.15,-1339.35886424124,"SARIMA(2,1,1)(0,1,0)[52]"
0.2,-1339.45699209312,"SARIMA(2,1,1)(0,1,0)[52]"
0.25,-1339.55870348616,"SARIMA(2,1,1)(0,1,0)[52]"
0.3,-1339.66400710068,"SARIMA(2,1,1)(0,1,0)[52]"
0.35,-1339.77291060767,"SARIMA(2,1,1)(0,1,0)[52]"
0.4,-1339.88542099281,"SARIMA(2,1,1)(0,1,0)[52]"
0.45,-1340.00154458239,"SARIMA(2,1,1)(0,1,0)[52]"
0.5,-1340.12128791557,"SARIMA(2,1,1)(0,1,0)[52]"
0.55,-1340.24465698162,"SARIMA(2,1,1)(0,1,0)[52]"
0.6,-1340.37165484654,"SARIMA(2,1,1)(0,1,0)[52]"
0.65,-1340.50229058512,"SARIMA(2,1,1)(0,1,0)[52]"
0.7,-1340.63656708686,"SARIMA(2,1,1)(0,1,0)[52]"
0.75,-1340.7744944298,"SARIMA(2,1,1)(0,1,0)[52]"
0.8,-1340.91606619524,"SARIMA(2,1,1)(0,1,0)[52]"
0.85,-1341.06129637455,"SARIMA(2,1,1)(0,1,0)[52]"
0.9,-1341.21018862157,"SARIMA(2,1,1)(0,1,0)[52]"
0.95,-1341.36275310882,"SARIMA(2,1,1)(0,1,0)[52]"
1,-1341.51897449092,"SARIMA(2,1,1)(0,1,0)[52]"
1.05,-1341.67887670692,"SARIMA(2,1,1)(0,1,0)[52]"
1.1,-1341.84245732592,"SARIMA(2,1,1)(0,1,0)[52]"
1.15,-1342.00972031945,"SARIMA(2,1,1)(0,1,0)[52]"
1.2,-1342.18066954268,"SARIMA(2,1,1)(0,1,0)[52]"
1.25,-1342.3553100062,"SARIMA(2,1,1)(0,1,0)[52]"
1.3,-1342.53364241281,"SARIMA(2,1,1)(0,1,0)[52]"
1.35,-1342.71567865221,"SARIMA(2,1,1)(0,1,0)[52]"
1.4,-1342.90140027078,"SARIMA(2,1,1)(0,1,0)[52]"
1.45,-1343.09083245827,"SARIMA(2,1,1)(0,1,0)[52]"
1.5,-1343.28397094146,"SARIMA(2,1,1)(0,1,0)[52]"
1.55,-1343.48081822481,"SARIMA(2,1,1)(0,1,0)[52]"
1.6,-1343.68138188416,"SARIMA(2,1,1)(0,1,0)[52]"
1.65,-1343.8856533504,"SARIMA(2,1,1)(0,1,0)[52]"
1.7,-1344.09363681086,"SARIMA(2,1,1)(0,1,0)[52]"
1.75,-1344.30534277214,"SARIMA(2,1,1)(0,1,0)[52]"
1.8,-1344.52076855967,"SARIMA(2,1,1)(0,1,0)[52]"
1.85,-1344.73992819948,"SARIMA(2,1,1)(0,1,0)[52]"
1.9,-1344.96278790034,"SARIMA(2,1,1)(0,1,0)[52]"
1.95,-1345.18938018181,"SARIMA(2,1,1)(0,1,0)[52]"
2,-1345.4196998293,"SARIMA(2,1,1)(0,1,0)[52]"
2.05,-1345.65374682823,"SARIMA(2,1,1)(0,1,0)[52]"
2.1,-1345.89151858347,"SARIMA(2,1,1)(0,1,0)[52]"
2.15,-1346.13301909496,"SARIMA(2,1,1)(0,1,0)[52]"
2.2,-1346.37824717435,"SARIMA(2,1,1)(0,1,0)[52]"
2.25,-1346.62720280409,"SARIMA(2,1,1)(0,1,0)[52]"
2.3,-1346.87989174693,"SARIMA(2,1,1)(0,1,0)[52]"
2.35,-1347.13630299936,"SARIMA(2,1,1)(0,1,0)[52]"
2.4,-1347.39644097211,"SARIMA(2,1,1)(0,1,0)[52]"
2.45,-1347.66029970823,"SARIMA(2,1,1)(0,1,0)[52]"
2.5,-1347.92789516046,"SARIMA(2,1,1)(0,1,0)[52]"
-1.5,-1344.45534299386,"SARIMA(0,1,3)(1,1,0)[52]"
-1.45,-1344.51659588313,"SARIMA(0,1,3)(1,1,0)[52]"
-1.4,-1344.58227842441,"SARIMA(0,1,3)(1,1,0)[52]"
-1.35,-1344.65263215877,"SARIMA(0,1,3)(1,1,0)[52]"
-1.3,-1344.72764746041,"SARIMA(0,1,3)(1,1,0)[52]"
-1.25,-1344.80737256875,"SARIMA(0,1,3)(1,1,0)[52]"
-1.2,-1344.89197609553,"SARIMA(0,1,3)(1,1,0)[52]"
-1.15,-1344.98173108775,"SARIMA(0,1,3)(1,1,0)[52]"
-1.1,-1345.07703713003,"SARIMA(0,1,3)(1,1,0)[52]"
-1.05,-1345.1789440416,"SARIMA(0,1,3)(1,1,0)[52]"
-1,-1345.28922909441,"SARIMA(0,1,3)(1,1,0)[52]"
-0.95,-1345.41135668896,"SARIMA(0,1,3)(1,1,0)[52]"
-0.9,-1345.55194366041,"SARIMA(0,1,3)(1,1,0)[52]"
-0.85,-1345.72363116383,"SARIMA(0,1,3)(1,1,0)[52]"
-0.8,-1345.95074531433,"SARIMA(0,1,3)(1,1,0)[52]"
-0.75,-1346.2809265391,"SARIMA(0,1,3)(1,1,0)[52]"
-0.7,-1346.79057022543,"SARIMA(0,1,3)(1,1,0)[52]"
-0.65,-1347.38101634832,"SARIMA(0,1,3)(1,1,0)[52]"
-0.6,-1347.23320711606,"SARIMA(0,1,3)(1,1,0)[52]"
-0.55,-1342.55757848905,"SARIMA(0,1,3)(1,1,0)[52]"
-0.5,-1334.9962252051,"SARIMA(0,1,3)(1,1,0)[52]"
-0.45,-1332.45134169973,"SARIMA(0,1,3)(1,1,0)[52]"
-0.4,-1331.90404939087,"SARIMA(0,1,3)(1,1,0)[52]"
-0.35,-1331.928223738,"SARIMA(0,1,3)(1,1,0)[52]"
-0.3,-1332.06602651014,"SARIMA(0,1,3)(1,1,0)[52]"
-0.25,-1332.20947469437,"SARIMA(0,1,3)(1,1,0)[52]"
-0.2,-1332.34013983706,"SARIMA(0,1,3)(1,1,0)[52]"
-0.15,-1332.46047076195,"SARIMA(0,1,3)(1,1,0)[52]"
-0.0999999999999999,-1332.57525725568,"SARIMA(0,1,3)(1,1,0)[52]"
-0.0499999999999998,-1332.68813415081,"SARIMA(0,1,3)(1,1,0)[52]"
0,-1332.80141049822,"SARIMA(0,1,3)(1,1,0)[52]"
0.05,-1332.91646778561,"SARIMA(0,1,3)(1,1,0)[52]"
0.1,-1333.03411616784,"SARIMA(0,1,3)(1,1,0)[52]"
0.15,-1333.15483008259,"SARIMA(0,1,3)(1,1,0)[52]"
0.2,-1333.27889019178,"SARIMA(0,1,3)(1,1,0)[52]"
0.25,-1333.40646598009,"SARIMA(0,1,3)(1,1,0)[52]"
0.3,-1333.53765987159,"SARIMA(0,1,3)(1,1,0)[52]"
0.35,-1333.67253738989,"SARIMA(0,1,3)(1,1,0)[52]"
0.4,-1333.81114306476,"SARIMA(0,1,3)(1,1,0)[52]"
0.45,-1333.95350335651,"SARIMA(0,1,3)(1,1,0)[52]"
0.5,-1334.09964108206,"SARIMA(0,1,3)(1,1,0)[52]"
0.55,-1334.24956887344,"SARIMA(0,1,3)(1,1,0)[52]"
0.6,-1334.40329591442,"SARIMA(0,1,3)(1,1,0)[52]"
0.65,-1334.56083342357,"SARIMA(0,1,3)(1,1,0)[52]"
0.7,-1334.72218707512,"SARIMA(0,1,3)(1,1,0)[52]"
0.75,-1334.88736313649,"SARIMA(0,1,3)(1,1,0)[52]"
0.8,-1335.05636174836,"SARIMA(0,1,3)(1,1,0)[52]"
0.85,-1335.22919034135,"SARIMA(0,1,3)(1,1,0)[52]"
0.9,-1335.40584973964,"SARIMA(0,1,3)(1,1,0)[52]"
0.95,-1335.58634403829,"SARIMA(0,1,3)(1,1,0)[52]"
1,-1335.77067013924,"SARIMA(0,1,3)(1,1,0)[52]"
1.05,-1335.95883638147,"SARIMA(0,1,3)(1,1,0)[52]"
1.1,-1336.15085618721,"SARIMA(0,1,3)(1,1,0)[52]"
1.15,-1336.34667870333,"SARIMA(0,1,3)(1,1,0)[52]"
1.2,-1336.54634461705,"SARIMA(0,1,3)(1,1,0)[52]"
1.25,-1336.74985214603,"SARIMA(0,1,3)(1,1,0)[52]"
1.3,-1336.95719640252,"SARIMA(0,1,3)(1,1,0)[52]"
1.35,-1337.16837425508,"SARIMA(0,1,3)(1,1,0)[52]"
1.4,-1337.38338460593,"SARIMA(0,1,3)(1,1,0)[52]"
1.45,-1337.60222536711,"SARIMA(0,1,3)(1,1,0)[52]"
1.5,-1337.82489440409,"SARIMA(0,1,3)(1,1,0)[52]"
1.55,-1338.05138907078,"SARIMA(0,1,3)(1,1,0)[52]"
1.6,-1338.2817077722,"SARIMA(0,1,3)(1,1,0)[52]"
1.65,-1338.51584471413,"SARIMA(0,1,3)(1,1,0)[52]"
1.7,-1338.75379752332,"SARIMA(0,1,3)(1,1,0)[52]"
1.75,-1338.99556233558,"SARIMA(0,1,3)(1,1,0)[52]"
1.8,-1339.24113495605,"SARIMA(0,1,3)(1,1,0)[52]"
1.85,-1339.49051088311,"SARIMA(0,1,3)(1,1,0)[52]"
1.9,-1339.74368529108,"SARIMA(0,1,3)(1,1,0)[52]"
1.95,-1340.00065304296,"SARIMA(0,1,3)(1,1,0)[52]"
2,-1340.26140868659,"SARIMA(0,1,3)(1,1,0)[52]"
2.05,-1340.52594645846,"SARIMA(0,1,3)(1,1,0)[52]"
2.1,-1340.79426028145,"SARIMA(0,1,3)(1,1,0)[52]"
2.15,-1341.06634377704,"SARIMA(0,1,3)(1,1,0)[52]"
2.2,-1341.34219024898,"SARIMA(0,1,3)(1,1,0)[52]"
2.25,-1341.62179270711,"SARIMA(0,1,3)(1,1,0)[52]"
2.3,-1341.90514385466,"SARIMA(0,1,3)(1,1,0)[52]"
2.35,-1342.19223609727,"SARIMA(0,1,3)(1,1,0)[52]"
2.4,-1342.48306154391,"SARIMA(0,1,3)(1,1,0)[52]"
2.45,-1342.7776120225,"SARIMA(0,1,3)(1,1,0)[52]"
2.5,-1343.07587905874,"SARIMA(0,1,3)(1,1,0)[52]"
-1.5,-Inf,"SARIMA(2,1,1)(1,1,0)[52]"
-1.45,-Inf,"SARIMA(2,1,1)(1,1,0)[52]"
-1.4,-Inf,"SARIMA(2,1,1)(1,1,0)[52]"
-1.35,-Inf,"SARIMA(2,1,1)(1,1,0)[52]"
-1.3,-Inf,"SARIMA(2,1,1)(1,1,0)[52]"
-1.25,-Inf,"SARIMA(2,1,1)(1,1,0)[52]"
-1.2,-Inf,"SARIMA(2,1,1)(1,1,0)[52]"
-1.15,-Inf,"SARIMA(2,1,1)(1,1,0)[52]"
-1.1,-Inf,"SARIMA(2,1,1)(1,1,0)[52]"
-1.05,-Inf,"SARIMA(2,1,1)(1,1,0)[52]"
-1,-Inf,"SARIMA(2,1,1)(1,1,0)[52]"
-0.95,-Inf,"SARIMA(2,1,1)(1,1,0)[52]"
-0.9,-Inf,"SARIMA(2,1,1)(1,1,0)[52]"
-0.85,-Inf,"SARIMA(2,1,1)(1,1,0)[52]"
-0.8,-Inf,"SARIMA(2,1,1)(1,1,0)[52]"
-0.75,-Inf,"SARIMA(2,1,1)(1,1,0)[52]"
-0.7,-Inf,"SARIMA(2,1,1)(1,1,0)[52]"
-0.65,-Inf,"SARIMA(2,1,1)(1,1,0)[52]"
-0.6,-1347.26887222936,"SARIMA(2,1,1)(1,1,0)[52]"
-0.55,-1342.52721936617,"SARIMA(2,1,1)(1,1,0)[52]"
-0.5,-1335.15175433622,"SARIMA(2,1,1)(1,1,0)[52]"
-0.45,-1332.75572697775,"SARIMA(2,1,1)(1,1,0)[52]"
-0.4,-1332.28028488735,"SARIMA(2,1,1)(1,1,0)[52]"
-0.35,-1332.30499177945,"SARIMA(2,1,1)(1,1,0)[52]"
-0.3,-1332.44316944236,"SARIMA(2,1,1)(1,1,0)[52]"
-0.25,-1332.58481430329,"SARIMA(2,1,1)(1,1,0)[52]"
-0.2,-1332.71476212462,"SARIMA(2,1,1)(1,1,0)[52]"
-0.15,-1332.83550031022,"SARIMA(2,1,1)(1,1,0)[52]"
-0.0999999999999999,-1332.95141414914,"SARIMA(2,1,1)(1,1,0)[52]"
-0.0499999999999998,-1333.06577471067,"SARIMA(2,1,1)(1,1,0)[52]"
0,-1333.1806483134,"SARIMA(2,1,1)(1,1,0)[52]"
0.05,-1333.29725979975,"SARIMA(2,1,1)(1,1,0)[52]"
0.1,-1333.41632689241,"SARIMA(2,1,1)(1,1,0)[52]"
0.15,-1333.53826655218,"SARIMA(2,1,1)(1,1,0)[52]"
0.2,-1333.66332451974,"SARIMA(2,1,1)(1,1,0)[52]"
0.25,-1333.79164813802,"SARIMA(2,1,1)(1,1,0)[52]"
0.3,-1333.92332750871,"SARIMA(2,1,1)(1,1,0)[52]"
0.35,-1334.05841945528,"SARIMA(2,1,1)(1,1,0)[52]"
0.4,-1334.19696143351,"SARIMA(2,1,1)(1,1,0)[52]"
0.45,-1334.33897927086,"SARIMA(2,1,1)(1,1,0)[52]"
0.5,-1334.48448736647,"SARIMA(2,1,1)(1,1,0)[52]"
0.55,-1334.63350154463,"SARIMA(2,1,1)(1,1,0)[52]"
0.6,-1334.7860315723,"SARIMA(2,1,1)(1,1,0)[52]"
0.65,-1334.94208423715,"SARIMA(2,1,1)(1,1,0)[52]"
0.7,-1335.10166535179,"SARIMA(2,1,1)(1,1,0)[52]"
0.75,-1335.26478317463,"SARIMA(2,1,1)(1,1,0)[52]"
0.8,-1335.43143711894,"SARIMA(2,1,1)(1,1,0)[52]"
0.85,-1335.60163471145,"SARIMA(2,1,1)(1,1,0)[52]"
0.9,-1335.77537870637,"SARIMA(2,1,1)(1,1,0)[52]"
0.95,-1335.95267585186,"SARIMA(2,1,1)(1,1,0)[52]"
1,-1336.13351735582,"SARIMA(2,1,1)(1,1,0)[52]"
1.05,-1336.31791711791,"SARIMA(2,1,1)(1,1,0)[52]"
1.1,-1336.5058728477,"SARIMA(2,1,1)(1,1,0)[52]"
1.15,-1336.69738815239,"SARIMA(2,1,1)(1,1,0)[52]"
1.2,-1336.89246118064,"SARIMA(2,1,1)(1,1,0)[52]"
1.25,-1337.09109449061,"SARIMA(2,1,1)(1,1,0)[52]"
1.3,-1337.29329814007,"SARIMA(2,1,1)(1,1,0)[52]"
1.35,-1337.49905443866,"SARIMA(2,1,1)(1,1,0)[52]"
1.4,-1337.70837621782,"SARIMA(2,1,1)(1,1,0)[52]"
1.45,-1337.92126499621,"SARIMA(2,1,1)(1,1,0)[52]"
1.5,-1338.13772262659,"SARIMA(2,1,1)(1,1,0)[52]"
1.55,-1338.35773870653,"SARIMA(2,1,1)(1,1,0)[52]"
1.6,-1338.58132242455,"SARIMA(2,1,1)(1,1,0)[52]"
1.65,-1338.80847097559,"SARIMA(2,1,1)(1,1,0)[52]"
1.7,-1339.03918426992,"SARIMA(2,1,1)(1,1,0)[52]"
1.75,-1339.27346162841,"SARIMA(2,1,1)(1,1,0)[52]"
1.8,-1339.51130205539,"SARIMA(2,1,1)(1,1,0)[52]"
1.85,-1339.75270588714,"SARIMA(2,1,1)(1,1,0)[52]"
1.9,-1339.99766813423,"SARIMA(2,1,1)(1,1,0)[52]"
1.95,-1340.2461912743,"SARIMA(2,1,1)(1,1,0)[52]"
2,-1340.49827250875,"SARIMA(2,1,1)(1,1,0)[52]"
2.05,-1340.75391324188,"SARIMA(2,1,1)(1,1,0)[52]"
2.1,-1341.01310165849,"SARIMA(2,1,1)(1,1,0)[52]"
2.15,-1341.27584619629,"SARIMA(2,1,1)(1,1,0)[52]"
2.2,-1341.54213993514,"SARIMA(2,1,1)(1,1,0)[52]"
2.25,-1341.81198075384,"SARIMA(2,1,1)(1,1,0)[52]"
2.3,-1342.08536654121,"SARIMA(2,1,1)(1,1,0)[52]"
2.35,-1342.36229688059,"SARIMA(2,1,1)(1,1,0)[52]"
2.4,-1342.64280235292,"SARIMA(2,1,1)(1,1,0)[52]"
2.45,-1342.92683382581,"SARIMA(2,1,1)(1,1,0)[52]"
2.5,-1343.21429808597,"SARIMA(2,1,1)(1,1,0)[52]"
