"series_name","start_timestamp","t","value","date"
"T200","2012-01-01 00-00-00",1,1707744,2012-01-01
"T200","2012-01-01 00-00-00",2,1827843,2012-01-08
"T200","2012-01-01 00-00-00",3,1842304,2012-01-15
"T200","2012-01-01 00-00-00",4,1771474,2012-01-22
"T200","2012-01-01 00-00-00",5,1858955,2012-01-29
"T200","2012-01-01 00-00-00",6,1829455,2012-02-05
"T200","2012-01-01 00-00-00",7,1797121,2012-02-12
"T200","2012-01-01 00-00-00",8,1728573,2012-02-19
"T200","2012-01-01 00-00-00",9,1636932,2012-02-26
"T200","2012-01-01 00-00-00",10,1643190,2012-03-04
"T200","2012-01-01 00-00-00",11,1652342,2012-03-11
"T200","2012-01-01 00-00-00",12,1617329,2012-03-18
"T200","2012-01-01 00-00-00",13,1663784,2012-03-25
"T200","2012-01-01 00-00-00",14,1646660,2012-04-01
"T200","2012-01-01 00-00-00",15,1610475,2012-04-08
"T200","2012-01-01 00-00-00",16,1604342,2012-04-15
"T200","2012-01-01 00-00-00",17,1596101,2012-04-22
"T200","2012-01-01 00-00-00",18,1617361,2012-04-29
"T200","2012-01-01 00-00-00",19,1696233,2012-05-06
"T200","2012-01-01 00-00-00",20,1792472,2012-05-13
"T200","2012-01-01 00-00-00",21,1701439,2012-05-20
"T200","2012-01-01 00-00-00",22,1874510,2012-05-27
"T200","2012-01-01 00-00-00",23,1897292,2012-06-03
"T200","2012-01-01 00-00-00",24,1755481,2012-06-10
"T200","2012-01-01 00-00-00",25,1740935,2012-06-17
"T200","2012-01-01 00-00-00",26,2029896,2012-06-24
"T200","2012-01-01 00-00-00",27,1779860,2012-07-01
"T200","2012-01-01 00-00-00",28,1851028,2012-07-08
"T200","2012-01-01 00-00-00",29,2009950,2012-07-15
"T200","2012-01-01 00-00-00",30,2016328,2012-07-22
"T200","2012-01-01 00-00-00",31,1962865,2012-07-29
"T200","2012-01-01 00-00-00",32,1952449,2012-08-05
"T200","2012-01-01 00-00-00",33,1967466,2012-08-12
"T200","2012-01-01 00-00-00",34,2012796,2012-08-19
"T200","2012-01-01 00-00-00",35,1875323,2012-08-26
"T200","2012-01-01 00-00-00",36,1858530,2012-09-02
"T200","2012-01-01 00-00-00",37,1803831,2012-09-09
"T200","2012-01-01 00-00-00",38,1842447,2012-09-16
"T200","2012-01-01 00-00-00",39,1632201,2012-09-23
"T200","2012-01-01 00-00-00",40,1611490,2012-09-30
"T200","2012-01-01 00-00-00",41,1654084,2012-10-07
"T200","2012-01-01 00-00-00",42,1530526,2012-10-14
"T200","2012-01-01 00-00-00",43,1588706,2012-10-21
"T200","2012-01-01 00-00-00",44,1502559,2012-10-28
"T200","2012-01-01 00-00-00",45,1487907,2012-11-04
"T200","2012-01-01 00-00-00",46,1500625,2012-11-11
"T200","2012-01-01 00-00-00",47,1501300,2012-11-18
"T200","2012-01-01 00-00-00",48,1535018,2012-11-25
"T200","2012-01-01 00-00-00",49,1586693,2012-12-02
"T200","2012-01-01 00-00-00",50,1705733,2012-12-09
"T200","2012-01-01 00-00-00",51,1827859,2012-12-16
"T200","2012-01-01 00-00-00",52,1484265,2012-12-23
"T200","2012-01-01 00-00-00",53,1529982,2012-12-30
"T200","2012-01-01 00-00-00",54,1512687,2013-01-06
"T200","2012-01-01 00-00-00",55,1480318,2013-01-13
"T200","2012-01-01 00-00-00",56,1609028,2013-01-20
"T200","2012-01-01 00-00-00",57,1563868,2013-01-27
"T200","2012-01-01 00-00-00",58,1539551,2013-02-03
"T200","2012-01-01 00-00-00",59,1554496,2013-02-10
"T200","2012-01-01 00-00-00",60,1534089,2013-02-17
"T200","2012-01-01 00-00-00",61,1582555,2013-02-24
"T200","2012-01-01 00-00-00",62,1649361,2013-03-03
"T200","2012-01-01 00-00-00",63,1492088,2013-03-10
"T200","2012-01-01 00-00-00",64,1542151,2013-03-17
"T200","2012-01-01 00-00-00",65,1530700,2013-03-24
"T200","2012-01-01 00-00-00",66,1473984,2013-03-31
"T200","2012-01-01 00-00-00",67,1546047,2013-04-07
"T200","2012-01-01 00-00-00",68,1568717,2013-04-14
"T200","2012-01-01 00-00-00",69,1582696,2013-04-21
"T200","2012-01-01 00-00-00",70,1508800,2013-04-28
"T200","2012-01-01 00-00-00",71,1599386,2013-05-05
"T200","2012-01-01 00-00-00",72,1593593,2013-05-12
"T200","2012-01-01 00-00-00",73,1600107,2013-05-19
"T200","2012-01-01 00-00-00",74,1598101,2013-05-26
"T200","2012-01-01 00-00-00",75,1638396,2013-06-02
"T200","2012-01-01 00-00-00",76,1640205,2013-06-09
"T200","2012-01-01 00-00-00",77,1759475,2013-06-16
"T200","2012-01-01 00-00-00",78,2156949,2013-06-23
"T200","2012-01-01 00-00-00",79,2177981,2013-06-30
"T200","2012-01-01 00-00-00",80,2123945,2013-07-07
"T200","2012-01-01 00-00-00",81,1981413,2013-07-14
"T200","2012-01-01 00-00-00",82,1925687,2013-07-21
"T200","2012-01-01 00-00-00",83,1902881,2013-07-28
"T200","2012-01-01 00-00-00",84,1990675,2013-08-04
"T200","2012-01-01 00-00-00",85,2121405,2013-08-11
"T200","2012-01-01 00-00-00",86,2116465,2013-08-18
"T200","2012-01-01 00-00-00",87,2076635,2013-08-25
"T200","2012-01-01 00-00-00",88,1937284,2013-09-01
"T200","2012-01-01 00-00-00",89,1825963,2013-09-08
"T200","2012-01-01 00-00-00",90,1845162,2013-09-15
"T200","2012-01-01 00-00-00",91,1749089,2013-09-22
"T200","2012-01-01 00-00-00",92,1665004,2013-09-29
"T200","2012-01-01 00-00-00",93,1696678,2013-10-06
"T200","2012-01-01 00-00-00",94,1594960,2013-10-13
"T200","2012-01-01 00-00-00",95,1600062,2013-10-20
"T200","2012-01-01 00-00-00",96,1566391,2013-10-27
"T200","2012-01-01 00-00-00",97,1516901,2013-11-03
"T200","2012-01-01 00-00-00",98,1511546,2013-11-10
"T200","2012-01-01 00-00-00",99,1614479,2013-11-17
"T200","2012-01-01 00-00-00",100,1680626,2013-11-24
"T200","2012-01-01 00-00-00",101,1720645,2013-12-01
"T200","2012-01-01 00-00-00",102,1722723,2013-12-08
"T200","2012-01-01 00-00-00",103,1607786,2013-12-15
"T200","2012-01-01 00-00-00",104,1489356,2013-12-22
"T200","2012-01-01 00-00-00",105,1534176,2013-12-29
"T200","2012-01-01 00-00-00",106,1587206,2014-01-05
"T200","2012-01-01 00-00-00",107,1590141,2014-01-12
"T200","2012-01-01 00-00-00",108,1687533,2014-01-19
"T200","2012-01-01 00-00-00",109,1841964,2014-01-26
"T200","2012-01-01 00-00-00",110,1801221,2014-02-02
"T200","2012-01-01 00-00-00",111,1756904,2014-02-09
"T200","2012-01-01 00-00-00",112,1756794,2014-02-16
"T200","2012-01-01 00-00-00",113,1662102,2014-02-23
"T200","2012-01-01 00-00-00",114,1567349,2014-03-02
"T200","2012-01-01 00-00-00",115,1604437,2014-03-09
"T200","2012-01-01 00-00-00",116,1625546,2014-03-16
"T200","2012-01-01 00-00-00",117,1561940,2014-03-23
"T200","2012-01-01 00-00-00",118,1628307,2014-03-30
"T200","2012-01-01 00-00-00",119,1715716,2014-04-06
"T200","2012-01-01 00-00-00",120,1730781,2014-04-13
"T200","2012-01-01 00-00-00",121,1627899,2014-04-20
"T200","2012-01-01 00-00-00",122,1711762,2014-04-27
"T200","2012-01-01 00-00-00",123,1816435,2014-05-04
"T200","2012-01-01 00-00-00",124,1826688,2014-05-11
"T200","2012-01-01 00-00-00",125,1680646,2014-05-18
"T200","2012-01-01 00-00-00",126,1663236,2014-05-25
"T200","2012-01-01 00-00-00",127,1759822,2014-06-01
"T200","2012-01-01 00-00-00",128,1988070,2014-06-08
"T200","2012-01-01 00-00-00",129,1984587,2014-06-15
"T200","2012-01-01 00-00-00",130,1806945,2014-06-22
"T200","2012-01-01 00-00-00",131,1780979,2014-06-29
"T200","2012-01-01 00-00-00",132,1970352,2014-07-06
"T200","2012-01-01 00-00-00",133,2091395,2014-07-13
"T200","2012-01-01 00-00-00",134,2095906,2014-07-20
"T200","2012-01-01 00-00-00",135,2118373,2014-07-27
"T200","2012-01-01 00-00-00",136,2096885,2014-08-03
"T200","2012-01-01 00-00-00",137,2119730,2014-08-10
"T200","2012-01-01 00-00-00",138,1980238,2014-08-17
"T200","2012-01-01 00-00-00",139,2034404,2014-08-24
"T200","2012-01-01 00-00-00",140,2043867,2014-08-31
"T200","2012-01-01 00-00-00",141,1913772,2014-09-07
"T200","2012-01-01 00-00-00",142,1847514,2014-09-14
"T200","2012-01-01 00-00-00",143,1784622,2014-09-21
"T200","2012-01-01 00-00-00",144,1837404,2014-09-28
"T200","2012-01-01 00-00-00",145,1785931,2014-10-05
"T200","2012-01-01 00-00-00",146,1718797,2014-10-12
"T200","2012-01-01 00-00-00",147,1894645,2014-10-19
"T200","2012-01-01 00-00-00",148,1820980,2014-10-26
"T200","2012-01-01 00-00-00",149,1689419,2014-11-02
"T200","2012-01-01 00-00-00",150,1694817,2014-11-09
"T200","2012-01-01 00-00-00",151,1655214,2014-11-16
"T200","2012-01-01 00-00-00",152,1646945,2014-11-23
"T200","2012-01-01 00-00-00",153,1589755,2014-11-30
"T200","2012-01-01 00-00-00",154,1579056,2014-12-07
"T200","2012-01-01 00-00-00",155,1564201,2014-12-14
"T200","2012-01-01 00-00-00",156,1500789,2014-12-21
