"Model","Transformation","Lambda","Coefficient","Estimate","SE","z","p_value"
"SARIMA(0,1,3)(1,1,0)[52], raw","Raw",1,"ma1",-0.132954998171285,0.0997850367643901,-1.33241418235096,0.182724124276627
"SARIMA(0,1,3)(1,1,0)[52], raw","Raw",1,"ma2",-0.483961055917439,0.079866660883231,-6.05961299202196,1.36449448214222e-09
"SARIMA(0,1,3)(1,1,0)[52], raw","Raw",1,"ma3",-0.184541972565533,0.0936927563886044,-1.9696503729714,0.0488784542690718
"SARIMA(0,1,3)(1,1,0)[52], raw","Raw",1,"sar1",-0.481893017137489,0.108919511803127,-4.42430386585385,9.67537583168181e-06
"SARIMA(2,1,1)(1,1,0)[52], raw","Raw",1,"ar1",0.707767804030025,0.108667473171069,6.51315231114125,7.3589822473669e-11
"SARIMA(2,1,1)(1,1,0)[52], raw","Raw",1,"ar2",-0.324089980511616,0.0987583501569155,-3.28164636202078,0.00103202948513538
"SARIMA(2,1,1)(1,1,0)[52], raw","Raw",1,"ma1",-0.870478181914821,0.0666054406017568,-13.0691753413889,4.93981273419905e-39
"SARIMA(2,1,1)(1,1,0)[52], raw","Raw",1,"sar1",-0.445773924328181,0.115216437044346,-3.86901327417899,0.000109276693418813
"SARIMA(0,1,3)(1,1,0)[52], Guerrero Box-Cox","Guerrero Box-Cox",1.99992424816297,"ma1",-0.117946083281595,0.101342478232504,-1.16383658006663,0.244490244778266
"SARIMA(0,1,3)(1,1,0)[52], Guerrero Box-Cox","Guerrero Box-Cox",1.99992424816297,"ma2",-0.499889714376763,0.0772417584211474,-6.47175471655112,9.68712861309403e-11
"SARIMA(0,1,3)(1,1,0)[52], Guerrero Box-Cox","Guerrero Box-Cox",1.99992424816297,"ma3",-0.203545736132608,0.0955414784847167,-2.13044364982449,0.0331350033560346
"SARIMA(0,1,3)(1,1,0)[52], Guerrero Box-Cox","Guerrero Box-Cox",1.99992424816297,"sar1",-0.471962457849388,0.110915789722885,-4.25514220318451,2.08916195752729e-05
"SARIMA(2,1,1)(1,1,0)[52], Guerrero Box-Cox","Guerrero Box-Cox",1.99992424816297,"ar1",0.718666933409738,0.107579944660664,6.68030584768012,2.38444087762114e-11
"SARIMA(2,1,1)(1,1,0)[52], Guerrero Box-Cox","Guerrero Box-Cox",1.99992424816297,"ar2",-0.358807410978114,0.097064746356216,-3.69657805174016,0.000218525095391383
"SARIMA(2,1,1)(1,1,0)[52], Guerrero Box-Cox","Guerrero Box-Cox",1.99992424816297,"ma1",-0.873826313532199,0.0648434767604641,-13.4759324636489,2.16729859049984e-41
"SARIMA(2,1,1)(1,1,0)[52], Guerrero Box-Cox","Guerrero Box-Cox",1.99992424816297,"sar1",-0.434397475661248,0.11890219143642,-3.65340176167848,0.00025878882702603
"SARIMA(2,1,1)(0,1,0)[52], Guerrero Box-Cox","Guerrero Box-Cox",1.99992424816297,"ar1",0.800309883322212,0.0975969517247081,8.20015245537226,2.40082360024453e-16
"SARIMA(2,1,1)(0,1,0)[52], Guerrero Box-Cox","Guerrero Box-Cox",1.99992424816297,"ar2",-0.399649709031283,0.09219483768798,-4.33483825183183,1.45867336476548e-05
"SARIMA(2,1,1)(0,1,0)[52], Guerrero Box-Cox","Guerrero Box-Cox",1.99992424816297,"ma1",-0.88644580322367,0.0558737647626102,-15.8651525808203,1.10448744784245e-56
